modelo,enc,imp,norm,sel,n_runs,rmse_mean,rmse_std,mae_mean,mae_std,mape_mean,mape_std,r2_mean,r2_std,status
MLP,onehot,mediana,robust,,5,0.3025439795264777,0.0018896624096864031,0.219389690122489,0.0015875683164882934,0.050649978202296206,0.0004167871836891492,0.9513284819028243,0.0006216995340348923,ok
MLP,ordinal,mediana,robust,,5,0.31496447405875494,0.0017963755335481404,0.2318015591818992,0.0017274972584137706,0.05439997497529294,0.0005150010124699053,0.9473767187599564,0.0006052297732598748,ok
MLP,ordinal,mediana,robust,selectkbest,5,0.31496447405875494,0.0017963755335481404,0.2318015591818992,0.0017274972584137706,0.05439997497529294,0.0005150010124699053,0.9473767187599564,0.0006052297732598748,ok
MLP,onehot,mediana,minmax,,5,0.32062233163297293,0.0052723394448913235,0.2339359396557615,0.0051585864585018525,0.05423939671203505,0.0013226788241200316,0.9453911916906328,0.0017961229083389395,ok
MLP,onehot,mediana,robust,selectkbest,5,0.3239952259721072,0.0037989742643207867,0.23904702581757306,0.0025841391705757138,0.056286458992191736,0.000405470804094797,0.9442807543588956,0.0013107077167029079,ok
MLP,onehot,interpolacao,robust,selectkbest,5,0.3239952259721072,0.0037989742643207867,0.23904702581757306,0.0025841391705757138,0.056286458992191736,0.000405470804094797,0.9442807543588956,0.0013107077167029079,ok
MLP,onehot,mediana,quantile,,5,0.3277541753205086,0.003353030473718586,0.23868615207241578,0.0037451346720282354,0.05535474651036006,0.0011043724977650685,0.942971274536686,0.00117537771538469,ok
MLP,onehot,interpolacao,quantile,selectkbest,5,0.33959556477728875,0.0024070438373218588,0.25080755402722055,0.001828483037950466,0.05947802763378094,0.000858058730878632,0.9388696093787688,0.0008559521851251635,ok
MLP,onehot,mediana,quantile,selectkbest,5,0.33959556477728875,0.0024070438373218588,0.25080755402722055,0.001828483037950466,0.05947802763378094,0.000858058730878632,0.9388696093787688,0.0008559521851251635,ok
MLP,onehot,mediana,minmax,selectkbest,5,0.3406657906160616,0.0027742716177568062,0.25195458243118385,0.0031685163208564414,0.0597331020832378,0.0009460185756098652,0.9384196549468549,0.001015701807217343,ok
MLP,onehot,interpolacao,minmax,selectkbest,5,0.3406657906160616,0.0027742716177568062,0.25195458243118385,0.0031685163208564414,0.0597331020832378,0.0009460185756098652,0.9384196549468549,0.001015701807217343,ok
MLP,ordinal,mediana,minmax,selectkbest,5,0.34400464208045634,0.004095372648208027,0.25497705080943456,0.0026562865665692033,0.06001426940463865,0.0002505760487009674,0.9372159166535642,0.001507123397554802,ok
MLP,ordinal,mediana,minmax,,5,0.34400464208045634,0.004095372648208027,0.25497705080943456,0.0026562865665692033,0.06001426940463865,0.0002505760487009674,0.9372159166535642,0.001507123397554802,ok
MLP,ordinal,mediana,quantile,selectkbest,5,0.3512320736485216,0.008704776680763665,0.25928371443307113,0.0064669088662904495,0.061266572285049045,0.00182671720766543,0.9345516470973152,0.0032589398100730258,ok
MLP,ordinal,mediana,quantile,,5,0.3512320736485216,0.008704776680763665,0.25928371443307113,0.0064669088662904495,0.061266572285049045,0.00182671720766543,0.9345516470973152,0.0032589398100730258,ok
DecisionTree,ordinal,mediana,,selectkbest,1,0.39827572735263017,0.0,0.2808762007599555,0.0,0.06561903752116359,0.0,0.8815812870820301,0.0,ok
DecisionTree,ordinal,mediana,,,1,0.39827572735263017,0.0,0.2808762007599555,0.0,0.06561903752116359,0.0,0.8815812870820301,0.0,ok
DecisionTree,onehot,mediana,,selectkbest,1,0.4456014265299678,0.0,0.32811503396877384,0.0,0.07982821134377434,0.0,0.8491928587812421,0.0,ok
DecisionTree,ordinal,interpolacao,,,1,0.45475048020491365,0.0,0.3195436099396113,0.0,0.07592754108348257,0.0,0.8414009905270671,0.0,ok
DecisionTree,ordinal,interpolacao,,selectkbest,1,0.45475048020491365,0.0,0.3195436099396113,0.0,0.07592754108348257,0.0,0.8414009905270671,0.0,ok
MLP,onehot,interpolacao,robust,selectfrommodel,5,0.4577637366046847,0.0022852781521802913,0.335901628317476,0.002581855687978276,0.08054193608757346,0.0010381916096344553,0.8888457473358887,0.0011229201235435416,ok
MLP,onehot,mediana,robust,selectfrommodel,5,0.4577637366046847,0.0022852781521802913,0.335901628317476,0.002581855687978276,0.08054193608757346,0.0010381916096344553,0.8888457473358887,0.0011229201235435416,ok
MLP,onehot,mediana,minmax,selectfrommodel,5,0.46253068616198306,0.0035021735490274584,0.33843225392683796,0.0025644775952062752,0.08070884791040586,0.00046968500856216065,0.8864931825869036,0.001748307022813124,ok
MLP,onehot,interpolacao,minmax,selectfrommodel,5,0.46253068616198306,0.0035021735490274584,0.33843225392683796,0.0025644775952062752,0.08070884791040586,0.00046968500856216065,0.8864931825869036,0.001748307022813124,ok
MLP,onehot,mediana,quantile,selectfrommodel,5,0.46398419259739193,0.004412025997701355,0.3385683706375079,0.003687561950966434,0.08090644708070653,0.0007732804856017539,0.8857778246091946,0.002242446250229459,ok
MLP,onehot,interpolacao,quantile,selectfrommodel,5,0.46398419259739193,0.004412025997701355,0.3385683706375079,0.003687561950966434,0.08090644708070653,0.0007732804856017539,0.8857778246091946,0.002242446250229459,ok
DecisionTree,onehot,mediana,,,1,0.47026140037943404,0.0,0.3259811407046841,0.0,0.0773331430636354,0.0,0.8481940020532275,0.0,ok
DecisionTree,onehot,interpolacao,,selectkbest,1,0.4815427584734193,0.0,0.3589799708294724,0.0,0.09007691913831528,0.0,0.8109751387370178,0.0,ok
MLP,ordinal,mediana,robust,selectfrommodel,5,0.4832432101186829,0.0022313236549052757,0.3548875775767003,0.002337973726896696,0.08379722496060078,0.0010173343232544262,0.8762629364851516,0.0011251554869107063,ok
MLP,ordinal,interpolacao,robust,selectfrommodel,5,0.4832432101186829,0.0022313236549052757,0.3548875775767003,0.002337973726896696,0.08379722496060078,0.0010173343232544262,0.8762629364851516,0.0011251554869107063,ok
DecisionTree,onehot,interpolacao,,,1,0.4840079990752429,0.0,0.3371114526297065,0.0,0.08045443314323296,0.0,0.8405678937677526,0.0,ok
MLP,ordinal,mediana,quantile,selectfrommodel,5,0.4935885179184264,0.005865037216203507,0.360918450154083,0.0034857830001813355,0.08477568826883235,0.0007506356409405666,0.8707866571746197,0.0031979189296062276,ok
MLP,ordinal,interpolacao,quantile,selectfrommodel,5,0.4935885179184264,0.005865037216203507,0.360918450154083,0.0034857830001813355,0.08477568826883235,0.0007506356409405666,0.8707866571746197,0.0031979189296062276,ok
MLP,ordinal,mediana,minmax,selectfrommodel,5,0.4941858926436657,0.0036784524221685237,0.36254958434480034,0.0024563912368891646,0.08542789078234476,0.0008704050169029418,0.8705232072143705,0.0018942967381044694,ok
MLP,ordinal,interpolacao,minmax,selectfrommodel,5,0.4941858926436657,0.0036784524221685237,0.36254958434480034,0.0024563912368891646,0.08542789078234476,0.0008704050169029418,0.8705232072143705,0.0018942967381044694,ok
DecisionTree,onehot,mediana,,selectfrommodel,1,0.5203122390565487,0.0,0.40041198969368397,0.0,0.0979735373786776,0.0,0.8093643226347969,0.0,ok
DecisionTree,onehot,interpolacao,,selectfrommodel,1,0.5203122390565487,0.0,0.40041198969368397,0.0,0.0979735373786776,0.0,0.8093643226347969,0.0,ok
SVR,onehot,mediana,robust,selectkbest,1,0.6057699701113142,0.0,0.4222027200366291,0.0,0.09385699152037671,0.0,0.8013204419818954,0.0,ok
SVR,ordinal,interpolacao,robust,selectfrommodel,1,0.6082085392100518,0.0,0.4384790292044978,0.0,0.10097452572218857,0.0,0.8003622628135204,0.0,ok
SVR,onehot,mediana,robust,,1,0.6115929745959092,0.0,0.4274235113826454,0.0,0.09421410250000584,0.0,0.7978067476668388,0.0,ok
SVR,ordinal,interpolacao,minmax,selectfrommodel,1,0.6131207089304003,0.0,0.44421169900947133,0.0,0.10339992747566955,0.0,0.7971959587178812,0.0,ok
SVR,onehot,mediana,minmax,selectkbest,1,0.622907739017335,0.0,0.4326582500815408,0.0,0.09647723026484034,0.0,0.7900237686841276,0.0,ok
SVR,onehot,mediana,minmax,,1,0.6268805037652727,0.0,0.4368033548505794,0.0,0.09615878697381763,0.0,0.7875666438156783,0.0,ok
SVR,ordinal,interpolacao,quantile,selectfrommodel,1,0.6329520319691557,0.0,0.45055714444516715,0.0,0.10498964724019566,0.0,0.7836432072080742,0.0,ok
SVR,onehot,mediana,quantile,selectkbest,1,0.6402642691595387,0.0,0.4429212671614799,0.0,0.09836940640336551,0.0,0.7779874829411713,0.0,ok
SVR,onehot,mediana,quantile,,1,0.6470693210568971,0.0,0.4480964147760213,0.0,0.0983282794593223,0.0,0.7734148590626557,0.0,ok
SVR,onehot,interpolacao,minmax,selectfrommodel,1,0.652104879455831,0.0,0.45658752075559644,0.0,0.10381323763251929,0.0,0.7706851950499777,0.0,ok
SVR,onehot,mediana,minmax,selectfrommodel,1,0.652104879455831,0.0,0.45658752075559644,0.0,0.10381323763251929,0.0,0.7706851950499777,0.0,ok
SVR,onehot,interpolacao,robust,selectfrommodel,1,0.6549638131803943,0.0,0.45948521346939974,0.0,0.10472349721854202,0.0,0.7686490374968552,0.0,ok
SVR,onehot,mediana,robust,selectfrommodel,1,0.6549638131803943,0.0,0.45948521346939974,0.0,0.10472349721854202,0.0,0.7686490374968552,0.0,ok
SVR,onehot,interpolacao,quantile,selectfrommodel,1,0.662247219347663,0.0,0.46085294669402244,0.0,0.10473348812243821,0.0,0.7633439706875491,0.0,ok
SVR,onehot,mediana,quantile,selectfrommodel,1,0.662247219347663,0.0,0.46085294669402244,0.0,0.10473348812243821,0.0,0.7633439706875491,0.0,ok
SVR,ordinal,mediana,robust,,1,0.6777707646298471,0.0,0.48909607854495063,0.0,0.11304915552211744,0.0,0.7520227810837377,0.0,ok
SVR,ordinal,mediana,robust,selectkbest,1,0.6777707646298471,0.0,0.48909607854495063,0.0,0.11304915552211744,0.0,0.7520227810837377,0.0,ok
SVR,ordinal,mediana,quantile,,1,0.7139547568724701,0.0,0.5162732603184461,0.0,0.12075126954807316,0.0,0.7246413430869011,0.0,ok
SVR,ordinal,mediana,quantile,selectkbest,1,0.7139547568724701,0.0,0.5162732603184461,0.0,0.12075126954807316,0.0,0.7246413430869011,0.0,ok
SVR,ordinal,mediana,minmax,selectkbest,1,0.7192834204416247,0.0,0.5196444544160125,0.0,0.12342652655007998,0.0,0.7206766729489988,0.0,ok
SVR,ordinal,mediana,minmax,,1,0.7192834204416247,0.0,0.5196444544160125,0.0,0.12342652655007998,0.0,0.7206766729489988,0.0,ok
DecisionTree,ordinal,mediana,,selectfrommodel,1,0.7193981219171663,0.0,0.5720636804144199,0.0,0.14304139337054694,0.0,0.4873560611765713,0.0,ok
LinearRegression,onehot,mediana,,,1,0.7352190565271075,0.0,0.5462383024588524,0.0,0.12649609970610118,0.0,0.6239573175398416,0.0,ok
LinearRegression,onehot,interpolacao,,,1,0.7368956060917217,0.0,0.5491606609996493,0.0,0.12739107137319752,0.0,0.6228373777859268,0.0,ok
LinearRegression,onehot,mediana,,selectkbest,1,0.7405844460204344,0.0,0.5517116483977315,0.0,0.12851211578137642,0.0,0.6151628534754259,0.0,ok
LinearRegression,onehot,interpolacao,,selectkbest,1,0.742344948852727,0.0,0.5548121944137943,0.0,0.1292440282979,0.0,0.6141627803508488,0.0,ok
SVR,ordinal,mediana,minmax,selectfrommodel,1,0.7707844304771218,0.0,0.5631056961410997,0.0,0.13565107637880774,0.0,0.6738564845914582,0.0,ok
SVR,ordinal,mediana,robust,selectfrommodel,1,0.7721061753720309,0.0,0.5638566400476395,0.0,0.13566661119420736,0.0,0.6730385576901426,0.0,ok
LinearRegression,onehot,mediana,,selectfrommodel,1,0.7754388904230378,0.0,0.5987985210180413,0.0,0.14538684818959002,0.0,0.5800504428987514,0.0,ok
LinearRegression,onehot,interpolacao,,selectfrommodel,1,0.7754388904230378,0.0,0.5987985210180413,0.0,0.14538684818959002,0.0,0.5800504428987514,0.0,ok
SVR,ordinal,mediana,quantile,selectfrommodel,1,0.7834080577536389,0.0,0.5710847777863267,0.0,0.13761648245645966,0.0,0.6638589400014314,0.0,ok
DecisionTree,ordinal,interpolacao,,selectfrommodel,1,0.8094142766735717,0.0,0.6551059427039578,0.0,0.15978432735589926,0.0,0.4287328383568617,0.0,ok
LinearRegression,ordinal,interpolacao,,,1,0.896815049946232,0.0,0.6777931324756243,0.0,0.16044161930968387,0.0,0.4026862606257381,0.0,ok
LinearRegression,ordinal,interpolacao,,selectkbest,1,0.896815049946232,0.0,0.6777931324756243,0.0,0.16044161930968387,0.0,0.4026862606257381,0.0,ok
LinearRegression,ordinal,interpolacao,,selectfrommodel,1,0.9189135763435949,0.0,0.7059430353719989,0.0,0.17225097138304496,0.0,0.3133182708028076,0.0,ok
LinearRegression,ordinal,mediana,,selectfrommodel,1,0.9792011868868734,0.0,0.753464157015539,0.0,0.1791610428089672,0.0,0.2593169354878578,0.0,ok
LinearRegression,ordinal,mediana,,selectkbest,1,1.0111293770060985,0.0,0.7899379514270864,0.0,0.19033944661454075,0.0,0.22428732108018776,0.0,ok
LinearRegression,ordinal,mediana,,,1,1.0111293770060985,0.0,0.7899379514270864,0.0,0.19033944661454075,0.0,0.22428732108018776,0.0,ok
MLP,onehot,interpolacao,robust,,5,,,,,,,,,ok
MLP,onehot,interpolacao,minmax,,5,,,,,,,,,ok
MLP,onehot,interpolacao,quantile,,5,,,,,,,,,ok
MLP,ordinal,interpolacao,robust,selectkbest,5,,,,,,,,,ok
MLP,ordinal,interpolacao,robust,,5,,,,,,,,,ok
MLP,ordinal,interpolacao,minmax,selectkbest,5,,,,,,,,,ok
MLP,ordinal,interpolacao,minmax,,5,,,,,,,,,ok
MLP,ordinal,interpolacao,quantile,selectkbest,5,,,,,,,,,ok
MLP,ordinal,interpolacao,quantile,,5,,,,,,,,,ok
